entity,entity_code,is_aggregate_entity,date,series,is_aggregate_series,generation_twh,generation_share_pct,generation_kwh_per_capita,generation_yoy_change_twh,generation_yoy_change_pct,generation_share_yoy_change_pct_points,generation_yoy_change_kwh_per_capita,generation_ytd_twh,generation_ytd_share_pct,generation_ytd_kwh_per_capita
"Viet Nam","VNM",false,"2019-01","Coal",false,9.63,53.89,99.1,,,,,9.63,53.89,99.1
"Viet Nam","VNM",false,"2019-01","Gas",false,4.12,23.06,42.4,,,,,4.12,23.06,42.4
"Viet Nam","VNM",false,"2019-01","Hydro",false,3.39,18.97,34.89,,,,,3.39,18.97,34.89
"Viet Nam","VNM",false,"2019-01","Other fossil",false,0,0,0,,,,,0,0,0
"Viet Nam","VNM",false,"2019-01","Solar",false,0,0,0,,,,,0,0,0
"Viet Nam","VNM",false,"2019-01","Total generation",true,17.87,100,183.9,,,,,17.87,100,183.9
"Viet Nam","VNM",false,"2019-01","Wind",false,0.73,4.09,7.51,,,,,0.73,4.09,7.51
"Viet Nam","VNM",false,"2019-02","Coal",false,9.9,52.41,101.88,,,,,19.53,53.13,200.98
"Viet Nam","VNM",false,"2019-02","Gas",false,3.64,19.27,37.46,,,,,7.76,21.11,79.86
"Viet Nam","VNM",false,"2019-02","Hydro",false,5.33,28.22,54.85,,,,,8.72,23.72,89.74
"Viet Nam","VNM",false,"2019-02","Other fossil",false,0.02,0.11,0.21,,,,,0.02,0.05,0.21
"Viet Nam","VNM",false,"2019-02","Solar",false,0,0,0,,,,,0,0,0
"Viet Nam","VNM",false,"2019-02","Total generation",true,18.89,100,194.39,,,,,36.76,100,378.29
"Viet Nam","VNM",false,"2019-02","Wind",false,0,0,0,,,,,0.73,1.99,7.51
"Viet Nam","VNM",false,"2019-03","Coal",false,8.43,52.33,86.75,,,,,27.96,52.88,287.73
"Viet Nam","VNM",false,"2019-03","Gas",false,3.49,21.66,35.92,,,,,11.25,21.28,115.77
"Viet Nam","VNM",false,"2019-03","Hydro",false,4.11,25.51,42.3,,,,,12.83,24.27,132.03
"Viet Nam","VNM",false,"2019-03","Other fossil",false,0,0,0,,,,,0.02,0.04,0.21
"Viet Nam","VNM",false,"2019-03","Solar",false,0.08,0.5,0.82,,,,,0.08,0.15,0.82
"Viet Nam","VNM",false,"2019-03","Total generation",true,16.11,100,165.79,,,,,52.87,100,544.08
"Viet Nam","VNM",false,"2019-03","Wind",false,0,0,0,,,,,0.73,1.38,7.51
"Viet Nam","VNM",false,"2019-04","Coal",false,10.6,53,109.08,,,,,38.56,52.92,396.81
"Viet Nam","VNM",false,"2019-04","Gas",false,3.88,19.4,39.93,,,,,15.13,20.76,155.7
"Viet Nam","VNM",false,"2019-04","Hydro",false,5.44,27.2,55.98,,,,,18.27,25.07,188.01
"Viet Nam","VNM",false,"2019-04","Other fossil",false,0,0,0,,,,,0.02,0.03,0.21
"Viet Nam","VNM",false,"2019-04","Solar",false,0.08,0.4,0.82,,,,,0.16,0.22,1.65
"Viet Nam","VNM",false,"2019-04","Total generation",true,20,100,205.82,,,,,72.87,100,749.89
"Viet Nam","VNM",false,"2019-04","Wind",false,0,0,0,,,,,0.73,1,7.51
"Viet Nam","VNM",false,"2019-05","Coal",false,11.18,53.6,115.05,,,,,49.74,53.07,511.87
"Viet Nam","VNM",false,"2019-05","Gas",false,3.84,18.41,39.52,,,,,18.97,20.24,195.22
"Viet Nam","VNM",false,"2019-05","Hydro",false,5.47,26.22,56.29,,,,,23.74,25.33,244.3
"Viet Nam","VNM",false,"2019-05","Other fossil",false,0.17,0.81,1.75,,,,,0.19,0.2,1.96
"Viet Nam","VNM",false,"2019-05","Solar",false,0.2,0.96,2.06,,,,,0.36,0.38,3.7
"Viet Nam","VNM",false,"2019-05","Total generation",true,20.86,100,214.67,,,,,93.73,100,964.56
"Viet Nam","VNM",false,"2019-05","Wind",false,0,0,0,,,,,0.73,0.78,7.51
"Viet Nam","VNM",false,"2019-06","Coal",false,10.4,48.46,107.02,,,,,60.14,52.21,618.89
"Viet Nam","VNM",false,"2019-06","Gas",false,3.84,17.89,39.52,,,,,22.81,19.8,234.73
"Viet Nam","VNM",false,"2019-06","Hydro",false,6.12,28.52,62.98,,,,,29.86,25.92,307.28
"Viet Nam","VNM",false,"2019-06","Other fossil",false,0.58,2.7,5.97,,,,,0.77,0.67,7.92
"Viet Nam","VNM",false,"2019-06","Solar",false,0.52,2.42,5.35,,,,,0.88,0.76,9.06
"Viet Nam","VNM",false,"2019-06","Total generation",true,21.46,100,220.84,,,,,115.19,100,1185.4
"Viet Nam","VNM",false,"2019-06","Wind",false,0,0,0,,,,,0.73,0.63,7.51
"Viet Nam","VNM",false,"2019-07","Coal",false,10.47,48.34,107.75,,,,,70.61,51.6,726.64
"Viet Nam","VNM",false,"2019-07","Gas",false,3.65,16.85,37.56,,,,,26.46,19.34,272.3
"Viet Nam","VNM",false,"2019-07","Hydro",false,6.9,31.86,71.01,,,,,36.76,26.86,378.29
"Viet Nam","VNM",false,"2019-07","Other fossil",false,0,0,0,,,,,0.77,0.56,7.92
"Viet Nam","VNM",false,"2019-07","Solar",false,0.64,2.95,6.59,,,,,1.52,1.11,15.64
"Viet Nam","VNM",false,"2019-07","Total generation",true,21.66,100,222.9,,,,,136.85,100,1408.3
"Viet Nam","VNM",false,"2019-07","Wind",false,0,0,0,,,,,0.73,0.53,7.51
"Viet Nam","VNM",false,"2019-08","Coal",false,8.99,42.87,92.51,,,,,79.6,50.44,819.15
"Viet Nam","VNM",false,"2019-08","Gas",false,3.35,15.98,34.47,,,,,29.81,18.89,306.77
"Viet Nam","VNM",false,"2019-08","Hydro",false,7.97,38.01,82.02,,,,,44.73,28.34,460.31
"Viet Nam","VNM",false,"2019-08","Other fossil",false,0.01,0.05,0.1,,,,,0.78,0.49,8.03
"Viet Nam","VNM",false,"2019-08","Solar",false,0.65,3.1,6.69,,,,,2.17,1.37,22.33
"Viet Nam","VNM",false,"2019-08","Total generation",true,20.97,100,215.8,,,,,157.82,100,1624.1
"Viet Nam","VNM",false,"2019-08","Wind",false,0,0,0,,,,,0.73,0.46,7.51
"Viet Nam","VNM",false,"2019-09","Coal",false,8.46,43.7,87.06,,,,,88.06,49.7,906.21
"Viet Nam","VNM",false,"2019-09","Gas",false,3.04,15.7,31.28,,,,,32.85,18.54,338.05
"Viet Nam","VNM",false,"2019-09","Hydro",false,7.25,37.45,74.61,,,,,51.98,29.34,534.92
"Viet Nam","VNM",false,"2019-09","Other fossil",false,0,0,0,,,,,0.78,0.44,8.03
"Viet Nam","VNM",false,"2019-09","Solar",false,0.61,3.15,6.28,,,,,2.78,1.57,28.61
"Viet Nam","VNM",false,"2019-09","Total generation",true,19.36,100,199.23,,,,,177.18,100,1823.33
"Viet Nam","VNM",false,"2019-09","Wind",false,0,0,0,,,,,0.73,0.41,7.51
"Viet Nam","VNM",false,"2019-10","Coal",false,9.5,47.6,97.76,,,,,97.56,49.49,1003.97
"Viet Nam","VNM",false,"2019-10","Gas",false,3.33,16.68,34.27,,,,,36.18,18.35,372.32
"Viet Nam","VNM",false,"2019-10","Hydro",false,6.24,31.26,64.21,,,,,58.22,29.53,599.13
"Viet Nam","VNM",false,"2019-10","Other fossil",false,0.39,1.95,4.01,,,,,1.17,0.59,12.04
"Viet Nam","VNM",false,"2019-10","Solar",false,0.45,2.25,4.63,,,,,3.23,1.64,33.24
"Viet Nam","VNM",false,"2019-10","Total generation",true,19.96,100,205.41,,,,,197.14,100,2028.74
"Viet Nam","VNM",false,"2019-10","Wind",false,0.05,0.25,0.51,,,,,0.78,0.4,8.03
"Viet Nam","VNM",false,"2019-11","Coal",false,11.03,48.36,113.51,,,,,108.59,49.37,1117.48
"Viet Nam","VNM",false,"2019-11","Gas",false,4.31,18.9,44.35,,,,,40.49,18.41,416.68
"Viet Nam","VNM",false,"2019-11","Hydro",false,6.8,29.81,69.98,,,,,65.02,29.56,669.11
"Viet Nam","VNM",false,"2019-11","Other fossil",false,0,0,0,,,,,1.17,0.53,12.04
"Viet Nam","VNM",false,"2019-11","Solar",false,0,0,0,,,,,3.23,1.47,33.24
"Viet Nam","VNM",false,"2019-11","Total generation",true,22.81,100,234.73,,,,,219.95,100,2263.47
"Viet Nam","VNM",false,"2019-11","Wind",false,0.67,2.94,6.89,,,,,1.45,0.66,14.92
"Viet Nam","VNM",false,"2019-12","Coal",false,9.9,47.08,101.88,,,,,118.49,49.17,1219.36
"Viet Nam","VNM",false,"2019-12","Gas",false,3.64,17.31,37.46,,,,,44.13,18.31,454.13
"Viet Nam","VNM",false,"2019-12","Hydro",false,6.99,33.24,71.93,,,,,72.01,29.88,741.04
"Viet Nam","VNM",false,"2019-12","Other fossil",false,0.13,0.62,1.34,,,,,1.3,0.54,13.38
"Viet Nam","VNM",false,"2019-12","Solar",false,0.37,1.76,3.81,,,,,3.6,1.49,37.05
"Viet Nam","VNM",false,"2019-12","Total generation",true,21.03,100,216.42,,,,,240.98,100,2479.89
"Viet Nam","VNM",false,"2019-12","Wind",false,0,0,0,,,,,1.45,0.6,14.92
"Viet Nam","VNM",false,"2020-01","Coal",false,11.05,60.71,112.66,1.42,14.75,6.82,14.48,11.05,60.71,112.66
"Viet Nam","VNM",false,"2020-01","Gas",false,3.57,19.62,36.4,-0.55,-13.35,-3.44,-5.61,3.57,19.62,36.4
"Viet Nam","VNM",false,"2020-01","Hydro",false,2.08,11.43,21.21,-1.31,-38.64,-7.54,-13.36,2.08,11.43,21.21
"Viet Nam","VNM",false,"2020-01","Other fossil",false,0.55,3.02,5.61,0.55,,3.02,5.61,0.55,3.02,5.61
"Viet Nam","VNM",false,"2020-01","Solar",false,0.74,4.07,7.54,0.74,,4.07,7.54,0.74,4.07,7.54
"Viet Nam","VNM",false,"2020-01","Total generation",true,18.2,100,185.56,0.33,1.85,0,3.36,18.2,100,185.56
"Viet Nam","VNM",false,"2020-01","Wind",false,0.21,1.15,2.14,-0.52,-71.23,-2.94,-5.3,0.21,1.15,2.14
"Viet Nam","VNM",false,"2020-02","Coal",false,10.23,56.46,104.3,0.33,3.33,4.05,3.36,21.28,58.59,216.97
"Viet Nam","VNM",false,"2020-02","Gas",false,3.01,16.61,30.69,-0.63,-17.31,-2.66,-6.42,6.58,18.12,67.09
"Viet Nam","VNM",false,"2020-02","Hydro",false,3.9,21.52,39.76,-1.43,-26.83,-6.7,-14.58,5.98,16.46,60.97
"Viet Nam","VNM",false,"2020-02","Other fossil",false,0.08,0.44,0.82,0.06,300,0.33,0.61,0.63,1.73,6.42
"Viet Nam","VNM",false,"2020-02","Solar",false,0.79,4.36,8.05,0.79,,4.36,8.05,1.53,4.21,15.6
"Viet Nam","VNM",false,"2020-02","Total generation",true,18.12,100,184.75,-0.77,-4.08,0,-7.85,36.32,100,370.31
"Viet Nam","VNM",false,"2020-02","Wind",false,0.11,0.61,1.12,0.11,,0.61,1.12,0.32,0.88,3.26
"Viet Nam","VNM",false,"2020-03","Coal",false,12.64,63.97,128.88,4.21,49.94,11.64,42.92,33.92,60.49,345.84
"Viet Nam","VNM",false,"2020-03","Gas",false,2.87,14.52,29.26,-0.62,-17.77,-7.14,-6.32,9.45,16.85,96.35
"Viet Nam","VNM",false,"2020-03","Hydro",false,2.95,14.93,30.08,-1.16,-28.22,-10.58,-11.83,8.93,15.92,91.05
"Viet Nam","VNM",false,"2020-03","Other fossil",false,0.39,1.97,3.98,0.39,,1.97,3.98,1.02,1.82,10.4
"Viet Nam","VNM",false,"2020-03","Solar",false,0.78,3.95,7.95,0.7,875,3.45,7.14,2.31,4.12,23.55
"Viet Nam","VNM",false,"2020-03","Total generation",true,19.76,100,201.47,3.65,22.66,0,37.21,56.08,100,571.78
"Viet Nam","VNM",false,"2020-03","Wind",false,0.13,0.66,1.33,0.13,,0.66,1.33,0.45,0.8,4.59
"Viet Nam","VNM",false,"2020-04","Coal",false,11.42,62.82,116.44,0.82,7.74,9.82,8.36,45.34,61.06,462.28
"Viet Nam","VNM",false,"2020-04","Gas",false,3.16,17.38,32.22,-0.72,-18.56,-2.02,-7.34,12.61,16.98,128.57
"Viet Nam","VNM",false,"2020-04","Hydro",false,2.67,14.69,27.22,-2.77,-50.92,-12.51,-28.24,11.6,15.62,118.27
"Viet Nam","VNM",false,"2020-04","Other fossil",false,0,0,0,0,,0,0,1.02,1.37,10.4
"Viet Nam","VNM",false,"2020-04","Solar",false,0.82,4.51,8.36,0.74,925,4.11,7.54,3.13,4.21,31.91
"Viet Nam","VNM",false,"2020-04","Total generation",true,18.18,100,185.36,-1.82,-9.1,0,-18.56,74.26,100,757.14
"Viet Nam","VNM",false,"2020-04","Wind",false,0.11,0.61,1.12,0.11,,0.61,1.12,0.56,0.75,5.71
"Viet Nam","VNM",false,"2020-05","Coal",false,12.76,60.42,130.1,1.58,14.13,6.82,16.11,58.1,60.91,592.38
"Viet Nam","VNM",false,"2020-05","Gas",false,3.33,15.77,33.95,-0.51,-13.28,-2.64,-5.2,15.94,16.71,162.52
"Viet Nam","VNM",false,"2020-05","Hydro",false,4.12,19.51,42.01,-1.35,-24.68,-6.71,-13.76,15.72,16.48,160.28
"Viet Nam","VNM",false,"2020-05","Other fossil",false,0.01,0.05,0.1,-0.16,-94.12,-0.76,-1.63,1.03,1.08,10.5
"Viet Nam","VNM",false,"2020-05","Solar",false,0.83,3.93,8.46,0.63,315,2.97,6.42,3.96,4.15,40.38
"Viet Nam","VNM",false,"2020-05","Total generation",true,21.12,100,215.34,0.26,1.25,0,2.65,95.38,100,972.48
"Viet Nam","VNM",false,"2020-05","Wind",false,0.07,0.33,0.71,0.07,,0.33,0.71,0.63,0.66,6.42
"Viet Nam","VNM",false,"2020-06","Coal",false,11.68,54.02,119.09,1.28,12.31,5.56,13.05,69.78,59.64,711.47
"Viet Nam","VNM",false,"2020-06","Gas",false,3.29,15.22,33.54,-0.55,-14.32,-2.67,-5.61,19.23,16.44,196.07
"Viet Nam","VNM",false,"2020-06","Hydro",false,5.83,26.97,59.44,-0.29,-4.74,-1.55,-2.96,21.55,18.42,219.72
"Viet Nam","VNM",false,"2020-06","Other fossil",false,0,0,0,-0.58,-100,-2.7,-5.91,1.03,0.88,10.5
"Viet Nam","VNM",false,"2020-06","Solar",false,0.75,3.47,7.65,0.23,44.23,1.05,2.35,4.71,4.03,48.02
"Viet Nam","VNM",false,"2020-06","Total generation",true,21.62,100,220.43,0.16,0.75,0,1.63,117,100,1192.91
"Viet Nam","VNM",false,"2020-06","Wind",false,0.07,0.32,0.71,0.07,,0.32,0.71,0.7,0.6,7.14
"Viet Nam","VNM",false,"2020-07","Coal",false,11.1,48.58,113.17,0.63,6.02,0.24,6.42,80.88,57.83,824.64
"Viet Nam","VNM",false,"2020-07","Gas",false,3.16,13.83,32.22,-0.49,-13.42,-3.02,-5,22.39,16.01,228.28
"Viet Nam","VNM",false,"2020-07","Hydro",false,7.67,33.57,78.2,0.77,11.16,1.71,7.85,29.22,20.89,297.92
"Viet Nam","VNM",false,"2020-07","Other fossil",false,0,0,0,0,,0,0,1.03,0.74,10.5
"Viet Nam","VNM",false,"2020-07","Solar",false,0.85,3.72,8.67,0.21,32.81,0.77,2.14,5.56,3.98,56.69
"Viet Nam","VNM",false,"2020-07","Total generation",true,22.85,100,232.97,1.19,5.49,0,12.13,139.85,100,1425.89
"Viet Nam","VNM",false,"2020-07","Wind",false,0.07,0.31,0.71,0.07,,0.31,0.71,0.77,0.55,7.85
"Viet Nam","VNM",false,"2020-08","Coal",false,8,37.52,81.57,-0.99,-11.01,-5.35,-10.09,88.88,55.15,906.21
"Viet Nam","VNM",false,"2020-08","Gas",false,2.56,12.01,26.1,-0.79,-23.58,-3.97,-8.05,24.95,15.48,254.39
"Viet Nam","VNM",false,"2020-08","Hydro",false,9.81,46.01,100.02,1.84,23.09,8,18.76,39.03,24.22,397.94
"Viet Nam","VNM",false,"2020-08","Other fossil",false,0.01,0.05,0.1,0,0,0,0,1.04,0.65,10.6
"Viet Nam","VNM",false,"2020-08","Solar",false,0.83,3.89,8.46,0.18,27.69,0.79,1.84,6.39,3.96,65.15
"Viet Nam","VNM",false,"2020-08","Total generation",true,21.32,100,217.38,0.35,1.67,0,3.57,161.17,100,1643.26
"Viet Nam","VNM",false,"2020-08","Wind",false,0.11,0.52,1.12,0.11,,0.52,1.12,0.88,0.55,8.97
"Viet Nam","VNM",false,"2020-09","Coal",false,8.42,39.87,85.85,-0.04,-0.47,-3.83,-0.41,97.3,53.38,992.06
"Viet Nam","VNM",false,"2020-09","Gas",false,2.46,11.65,25.08,-0.58,-19.08,-4.05,-5.91,27.41,15.04,279.47
"Viet Nam","VNM",false,"2020-09","Hydro",false,9.35,44.27,95.33,2.1,28.97,6.82,21.41,48.38,26.54,493.27
"Viet Nam","VNM",false,"2020-09","Other fossil",false,0,0,0,0,,0,0,1.04,0.57,10.6
"Viet Nam","VNM",false,"2020-09","Solar",false,0.84,3.98,8.56,0.23,37.7,0.83,2.35,7.23,3.97,73.72
"Viet Nam","VNM",false,"2020-09","Total generation",true,21.12,100,215.34,1.76,9.09,0,17.94,182.29,100,1858.6
"Viet Nam","VNM",false,"2020-09","Wind",false,0.05,0.24,0.51,0.05,,0.24,0.51,0.93,0.51,9.48
"Viet Nam","VNM",false,"2020-10","Coal",false,6.45,32.17,65.76,-3.05,-32.11,-15.43,-31.1,103.75,51.28,1057.82
"Viet Nam","VNM",false,"2020-10","Gas",false,2.27,11.32,23.14,-1.06,-31.83,-5.36,-10.81,29.68,14.67,302.61
"Viet Nam","VNM",false,"2020-10","Hydro",false,10.54,52.57,107.46,4.3,68.91,21.31,43.84,58.92,29.12,600.74
"Viet Nam","VNM",false,"2020-10","Other fossil",false,0,0,0,-0.39,-100,-1.95,-3.98,1.04,0.51,10.6
"Viet Nam","VNM",false,"2020-10","Solar",false,0.72,3.59,7.34,0.27,60,1.34,2.75,7.95,3.93,81.06
"Viet Nam","VNM",false,"2020-10","Total generation",true,20.05,100,204.43,0.09,0.45,0,0.92,202.34,100,2063.03
"Viet Nam","VNM",false,"2020-10","Wind",false,0.07,0.35,0.71,0.02,40,0.1,0.2,1,0.49,10.2
"Viet Nam","VNM",false,"2020-11","Coal",false,10,43.07,101.96,-1.03,-9.34,-5.29,-10.5,113.75,50.43,1159.78
"Viet Nam","VNM",false,"2020-11","Gas",false,4.02,17.31,40.99,-0.29,-6.73,-1.59,-2.96,33.7,14.94,343.6
"Viet Nam","VNM",false,"2020-11","Hydro",false,7.94,34.19,80.95,1.14,16.76,4.38,11.62,66.86,29.64,681.69
"Viet Nam","VNM",false,"2020-11","Other fossil",false,0.28,1.21,2.85,0.28,,1.21,2.85,1.32,0.59,13.46
"Viet Nam","VNM",false,"2020-11","Solar",false,0.83,3.57,8.46,0.83,,3.57,8.46,8.78,3.89,89.52
"Viet Nam","VNM",false,"2020-11","Total generation",true,23.22,100,236.75,0.41,1.8,0,4.18,225.56,100,2299.77
"Viet Nam","VNM",false,"2020-11","Wind",false,0.15,0.65,1.53,-0.52,-77.61,-2.29,-5.3,1.15,0.51,11.73
"Viet Nam","VNM",false,"2020-12","Coal",false,8.33,38.64,84.93,-1.57,-15.86,-8.44,-16.01,122.08,49.4,1244.71
"Viet Nam","VNM",false,"2020-12","Gas",false,3.01,13.96,30.69,-0.63,-17.31,-3.35,-6.42,36.71,14.86,374.29
"Viet Nam","VNM",false,"2020-12","Hydro",false,9.25,42.9,94.31,2.26,32.33,9.66,23.04,76.11,30.8,776.01
"Viet Nam","VNM",false,"2020-12","Other fossil",false,0.08,0.37,0.82,-0.05,-38.46,-0.25,-0.51,1.4,0.57,14.27
"Viet Nam","VNM",false,"2020-12","Solar",false,0.8,3.71,8.16,0.43,116.22,1.95,4.38,9.58,3.88,97.68
"Viet Nam","VNM",false,"2020-12","Total generation",true,21.56,100,219.82,0.53,2.52,0,5.4,247.12,100,2519.6
"Viet Nam","VNM",false,"2020-12","Wind",false,0.09,0.42,0.92,0.09,,0.42,0.92,1.24,0.5,12.64
"Viet Nam","VNM",false,"2021-01","Coal",false,9.23,50.19,93.29,-1.82,-16.47,-10.52,-18.4,9.23,50.19,93.29
"Viet Nam","VNM",false,"2021-01","Gas",false,3.39,18.43,34.26,-0.18,-5.04,-1.19,-1.82,3.39,18.43,34.26
"Viet Nam","VNM",false,"2021-01","Hydro",false,3.44,18.71,34.77,1.36,65.38,7.28,13.75,3.44,18.71,34.77
"Viet Nam","VNM",false,"2021-01","Other fossil",false,0,0,0,-0.55,-100,-3.02,-5.56,0,0,0
"Viet Nam","VNM",false,"2021-01","Solar",false,2.13,11.58,21.53,1.39,187.84,7.51,14.05,2.13,11.58,21.53
"Viet Nam","VNM",false,"2021-01","Total generation",true,18.39,100,185.88,0.19,1.04,0,1.92,18.39,100,185.88
"Viet Nam","VNM",false,"2021-01","Wind",false,0.2,1.09,2.02,-0.01,-4.76,-0.06,-0.1,0.2,1.09,2.02
"Viet Nam","VNM",false,"2021-02","Coal",false,8.5,46.27,85.91,-1.73,-16.91,-10.19,-17.49,17.73,48.23,179.21
"Viet Nam","VNM",false,"2021-02","Gas",false,2.22,12.08,22.44,-0.79,-26.25,-4.53,-7.99,5.61,15.26,56.7
"Viet Nam","VNM",false,"2021-02","Hydro",false,5.89,32.06,59.53,1.99,51.03,10.54,20.11,9.33,25.38,94.3
"Viet Nam","VNM",false,"2021-02","Other fossil",false,0,0,0,-0.08,-100,-0.44,-0.81,0,0,0
"Viet Nam","VNM",false,"2021-02","Solar",false,1.52,8.27,15.36,0.73,92.41,3.91,7.38,3.65,9.93,36.89
"Viet Nam","VNM",false,"2021-02","Total generation",true,18.37,100,185.68,0.25,1.38,0,2.53,36.76,100,371.56
"Viet Nam","VNM",false,"2021-02","Wind",false,0.24,1.31,2.43,0.13,118.18,0.7,1.31,0.44,1.2,4.45
"Viet Nam","VNM",false,"2021-03","Coal",false,12.02,54.41,121.49,-0.62,-4.91,-9.56,-6.27,29.75,50.55,300.7
"Viet Nam","VNM",false,"2021-03","Gas",false,1.84,8.33,18.6,-1.03,-35.89,-6.19,-10.41,7.45,12.66,75.3
"Viet Nam","VNM",false,"2021-03","Hydro",false,4.53,20.51,45.79,1.58,53.56,5.58,15.97,13.86,23.55,140.09
"Viet Nam","VNM",false,"2021-03","Other fossil",false,0,0,0,-0.39,-100,-1.97,-3.94,0,0,0
"Viet Nam","VNM",false,"2021-03","Solar",false,3.48,15.75,35.17,2.7,346.15,11.8,27.29,7.13,12.12,72.07
"Viet Nam","VNM",false,"2021-03","Total generation",true,22.09,100,223.28,2.33,11.79,0,23.55,58.85,100,594.83
"Viet Nam","VNM",false,"2021-03","Wind",false,0.22,1,2.22,0.09,69.23,0.34,0.91,0.66,1.12,6.67
"Viet Nam","VNM",false,"2021-04","Coal",false,11.73,55.65,118.56,0.31,2.71,-7.17,3.13,41.48,51.9,419.26
"Viet Nam","VNM",false,"2021-04","Gas",false,3.11,14.75,31.43,-0.05,-1.58,-2.63,-0.51,10.56,13.21,106.74
"Viet Nam","VNM",false,"2021-04","Hydro",false,4.53,21.49,45.79,1.86,69.66,6.8,18.8,18.39,23.01,185.88
"Viet Nam","VNM",false,"2021-04","Other fossil",false,0,0,0,0,,0,0,0,0,0
"Viet Nam","VNM",false,"2021-04","Solar",false,1.6,7.59,16.17,0.78,95.12,3.08,7.88,8.73,10.92,88.24
"Viet Nam","VNM",false,"2021-04","Total generation",true,21.08,100,213.07,2.9,15.95,0,29.31,79.93,100,807.9
"Viet Nam","VNM",false,"2021-04","Wind",false,0.11,0.52,1.11,0,0,-0.09,0,0.77,0.96,7.78
"Viet Nam","VNM",false,"2021-05","Coal",false,12.65,55.43,127.86,-0.11,-0.86,-4.99,-1.11,54.13,52.68,547.13
"Viet Nam","VNM",false,"2021-05","Gas",false,1.7,7.45,17.18,-1.63,-48.95,-8.32,-16.48,12.26,11.93,123.92
"Viet Nam","VNM",false,"2021-05","Hydro",false,5.62,24.63,56.8,1.5,36.41,5.12,15.16,24.01,23.37,242.68
"Viet Nam","VNM",false,"2021-05","Other fossil",false,0,0,0,-0.01,-100,-0.05,-0.1,0,0,0
"Viet Nam","VNM",false,"2021-05","Solar",false,2.75,12.05,27.8,1.92,231.33,8.12,19.41,11.48,11.17,116.04
"Viet Nam","VNM",false,"2021-05","Total generation",true,22.82,100,230.66,1.7,8.05,0,17.18,102.75,100,1038.56
"Viet Nam","VNM",false,"2021-05","Wind",false,0.1,0.44,1.01,0.03,42.86,0.11,0.3,0.87,0.85,8.79
"Viet Nam","VNM",false,"2021-06","Coal",false,12.54,50.69,126.75,0.86,7.36,-3.33,8.69,66.67,52.29,673.88
"Viet Nam","VNM",false,"2021-06","Gas",false,3.41,13.78,34.47,0.12,3.65,-1.44,1.21,15.67,12.29,158.39
"Viet Nam","VNM",false,"2021-06","Hydro",false,6.45,26.07,65.19,0.62,10.63,-0.9,6.27,30.46,23.89,307.88
"Viet Nam","VNM",false,"2021-06","Other fossil",false,0,0,0,0,,0,0,0,0,0
"Viet Nam","VNM",false,"2021-06","Solar",false,2.11,8.53,21.33,1.36,181.33,5.06,13.75,13.59,10.66,137.36
"Viet Nam","VNM",false,"2021-06","Total generation",true,24.74,100,250.06,3.12,14.43,0,31.54,127.49,100,1288.62
"Viet Nam","VNM",false,"2021-06","Wind",false,0.23,0.93,2.32,0.16,228.57,0.61,1.62,1.1,0.86,11.12
"Viet Nam","VNM",false,"2021-07","Coal",false,10.19,44.81,103,-0.91,-8.2,-3.77,-9.2,76.86,51.16,776.87
"Viet Nam","VNM",false,"2021-07","Gas",false,2.29,10.07,23.15,-0.87,-27.53,-3.76,-8.79,17.96,11.96,181.53
"Viet Nam","VNM",false,"2021-07","Hydro",false,7.83,34.43,79.14,0.16,2.09,0.86,1.62,38.29,25.49,387.02
"Viet Nam","VNM",false,"2021-07","Other fossil",false,0,0,0,0,,0,0,0,0,0
"Viet Nam","VNM",false,"2021-07","Solar",false,2.29,10.07,23.15,1.44,169.41,6.35,14.55,15.88,10.57,160.51
"Viet Nam","VNM",false,"2021-07","Total generation",true,22.74,100,229.85,-0.11,-0.48,0,-1.11,150.23,100,1518.47
"Viet Nam","VNM",false,"2021-07","Wind",false,0.14,0.62,1.42,0.07,100,0.31,0.71,1.24,0.83,12.53
"Viet Nam","VNM",false,"2021-08","Coal",false,8.37,38.75,84.6,0.37,4.63,1.23,3.74,85.23,49.6,861.47
"Viet Nam","VNM",false,"2021-08","Gas",false,1.84,8.52,18.6,-0.72,-28.13,-3.49,-7.28,19.8,11.52,200.13
"Viet Nam","VNM",false,"2021-08","Hydro",false,8.21,38.01,82.98,-1.6,-16.31,-8,-16.17,46.5,27.06,470.01
"Viet Nam","VNM",false,"2021-08","Other fossil",false,0,0,0,-0.01,-100,-0.05,-0.1,0,0,0
"Viet Nam","VNM",false,"2021-08","Solar",false,3.18,14.72,32.14,2.35,283.13,10.83,23.75,19.06,11.09,192.65
"Viet Nam","VNM",false,"2021-08","Total generation",true,21.6,100,218.32,0.28,1.31,0,2.83,171.83,100,1736.8
"Viet Nam","VNM",false,"2021-08","Wind",false,0,0,0,-0.11,-100,-0.52,-1.11,1.24,0.72,12.53
"Viet Nam","VNM",false,"2021-09","Coal",false,7.44,39.64,75.2,-0.98,-11.64,-0.23,-9.91,92.67,48.62,936.67
"Viet Nam","VNM",false,"2021-09","Gas",false,1.13,6.02,11.42,-1.33,-54.07,-5.63,-13.44,20.93,10.98,211.55
"Viet Nam","VNM",false,"2021-09","Hydro",false,8.18,43.58,82.68,-1.17,-12.51,-0.69,-11.83,54.68,28.69,552.69
"Viet Nam","VNM",false,"2021-09","Other fossil",false,0,0,0,0,,0,0,0,0,0
"Viet Nam","VNM",false,"2021-09","Solar",false,1.4,7.46,14.15,0.56,66.67,3.48,5.66,20.46,10.73,206.8
"Viet Nam","VNM",false,"2021-09","Total generation",true,18.77,100,189.72,-2.35,-11.13,0,-23.75,190.6,100,1926.52
"Viet Nam","VNM",false,"2021-09","Wind",false,0.62,3.3,6.27,0.57,1140,3.06,5.76,1.86,0.98,18.8
"Viet Nam","VNM",false,"2021-10","Coal",false,8.11,38.73,81.97,1.66,25.74,6.56,16.78,100.78,47.64,1018.65
"Viet Nam","VNM",false,"2021-10","Gas",false,1.52,7.26,15.36,-0.75,-33.04,-4.06,-7.58,22.45,10.61,226.92
"Viet Nam","VNM",false,"2021-10","Hydro",false,8.81,42.07,89.05,-1.73,-16.41,-10.5,-17.49,63.49,30.01,641.73
"Viet Nam","VNM",false,"2021-10","Other fossil",false,0,0,0,0,,0,0,0,0,0
"Viet Nam","VNM",false,"2021-10","Solar",false,2.29,10.94,23.15,1.57,218.06,7.35,15.87,22.75,10.75,229.95
"Viet Nam","VNM",false,"2021-10","Total generation",true,20.94,100,211.65,0.89,4.44,0,9,211.54,100,2138.17
"Viet Nam","VNM",false,"2021-10","Wind",false,0.21,1,2.12,0.14,200,0.65,1.42,2.07,0.98,20.92
"Viet Nam","VNM",false,"2021-11","Coal",false,7.54,37.87,76.21,-2.46,-24.6,-5.2,-24.86,108.32,46.8,1094.86
"Viet Nam","VNM",false,"2021-11","Gas",false,1.92,9.64,19.41,-2.1,-52.24,-7.67,-21.23,24.37,10.53,246.32
"Viet Nam","VNM",false,"2021-11","Hydro",false,8.55,42.94,86.42,0.61,7.68,8.75,6.17,72.04,31.13,728.15
"Viet Nam","VNM",false,"2021-11","Other fossil",false,0,0,0,-0.28,-100,-1.21,-2.83,0,0,0
"Viet Nam","VNM",false,"2021-11","Solar",false,1.69,8.49,17.08,0.86,103.61,4.92,8.69,24.44,10.56,247.03
"Viet Nam","VNM",false,"2021-11","Total generation",true,19.91,100,201.24,-3.31,-14.25,0,-33.46,231.45,100,2339.41
"Viet Nam","VNM",false,"2021-11","Wind",false,0.21,1.05,2.12,0.06,40,0.4,0.61,2.28,0.99,23.05
"Viet Nam","VNM",false,"2021-12","Coal",false,9.38,41.86,94.81,1.05,12.61,3.22,10.61,117.7,46.36,1189.67
"Viet Nam","VNM",false,"2021-12","Gas",false,3.41,15.22,34.47,0.4,13.29,1.26,4.04,27.78,10.94,280.79
"Viet Nam","VNM",false,"2021-12","Hydro",false,6.71,29.94,67.82,-2.54,-27.46,-12.96,-25.67,78.75,31.02,795.98
"Viet Nam","VNM",false,"2021-12","Other fossil",false,0,0,0,-0.08,-100,-0.37,-0.81,0,0,0
"Viet Nam","VNM",false,"2021-12","Solar",false,2.89,12.9,29.21,2.09,261.25,9.19,21.12,27.33,10.77,276.24
"Viet Nam","VNM",false,"2021-12","Total generation",true,22.41,100,226.51,0.85,3.94,0,8.59,253.86,100,2565.92
"Viet Nam","VNM",false,"2021-12","Wind",false,0.02,0.09,0.2,-0.07,-77.78,-0.33,-0.71,2.3,0.91,23.25
"Viet Nam","VNM",false,"2022-01","Coal",false,9.69,46.9,97.21,0.46,4.98,-3.29,4.61,9.69,46.9,97.21
"Viet Nam","VNM",false,"2022-01","Gas",false,2.66,12.88,26.69,-0.73,-21.53,-5.55,-7.32,2.66,12.88,26.69
"Viet Nam","VNM",false,"2022-01","Hydro",false,4.64,22.46,46.55,1.2,34.88,3.75,12.04,4.64,22.46,46.55
"Viet Nam","VNM",false,"2022-01","Other fossil",false,0,0,0,0,,0,0,0,0,0
"Viet Nam","VNM",false,"2022-01","Solar",false,2.33,11.28,23.37,0.2,9.39,-0.3,2.01,2.33,11.28,23.37
"Viet Nam","VNM",false,"2022-01","Total generation",true,20.66,100,207.26,2.27,12.34,0,22.77,20.66,100,207.26
"Viet Nam","VNM",false,"2022-01","Wind",false,1.34,6.49,13.44,1.14,570,5.4,11.44,1.34,6.49,13.44
"Viet Nam","VNM",false,"2022-02","Coal",false,7.58,41.24,76.04,-0.92,-10.82,-5.03,-9.23,17.27,44.24,173.25
"Viet Nam","VNM",false,"2022-02","Gas",false,1.72,9.36,17.26,-0.5,-22.52,-2.72,-5.02,4.38,11.22,43.94
"Viet Nam","VNM",false,"2022-02","Hydro",false,6.21,33.79,62.3,0.32,5.43,1.73,3.21,10.85,27.79,108.85
"Viet Nam","VNM",false,"2022-02","Other fossil",false,0,0,0,0,,0,0,0,0,0
"Viet Nam","VNM",false,"2022-02","Solar",false,2,10.88,20.06,0.48,31.58,2.61,4.82,4.33,11.09,43.44
"Viet Nam","VNM",false,"2022-02","Total generation",true,18.38,100,184.39,0.01,0.05,0,0.1,39.04,100,391.65
"Viet Nam","VNM",false,"2022-02","Wind",false,0.87,4.73,8.73,0.63,262.5,3.42,6.32,2.21,5.66,22.17
"Viet Nam","VNM",false,"2022-03","Coal",false,11.1,47.89,111.36,-0.92,-7.65,-6.52,-9.23,28.37,45.6,284.61
"Viet Nam","VNM",false,"2022-03","Gas",false,3.18,13.72,31.9,1.34,72.83,5.39,13.44,7.56,12.15,75.84
"Viet Nam","VNM",false,"2022-03","Hydro",false,5.63,24.29,56.48,1.1,24.28,3.78,11.04,16.48,26.49,165.33
"Viet Nam","VNM",false,"2022-03","Other fossil",false,0,0,0,0,,0,0,0,0,0
"Viet Nam","VNM",false,"2022-03","Solar",false,2.53,10.91,25.38,-0.95,-27.3,-4.84,-9.53,6.86,11.03,68.82
"Viet Nam","VNM",false,"2022-03","Total generation",true,23.18,100,232.54,1.09,4.93,0,10.93,62.22,100,624.19
"Viet Nam","VNM",false,"2022-03","Wind",false,0.74,3.19,7.42,0.52,236.36,2.19,5.22,2.95,4.74,29.59
"Viet Nam","VNM",false,"2022-04","Coal",false,10.72,47.79,107.54,-1.01,-8.61,-7.86,-10.13,39.09,46.18,392.15
"Viet Nam","VNM",false,"2022-04","Gas",false,2.86,12.75,28.69,-0.25,-8.04,-2,-2.51,10.42,12.31,104.53
"Viet Nam","VNM",false,"2022-04","Hydro",false,5.74,25.59,57.58,1.21,26.71,4.1,12.14,22.22,26.25,222.91
"Viet Nam","VNM",false,"2022-04","Other fossil",false,0,0,0,0,,0,0,0,0,0
"Viet Nam","VNM",false,"2022-04","Solar",false,2.45,10.92,24.58,0.85,53.13,3.33,8.53,9.31,11,93.4
"Viet Nam","VNM",false,"2022-04","Total generation",true,22.43,100,225.02,1.35,6.4,0,13.54,84.65,100,849.21
"Viet Nam","VNM",false,"2022-04","Wind",false,0.66,2.94,6.62,0.55,500,2.42,5.52,3.61,4.26,36.22
"Viet Nam","VNM",false,"2022-05","Coal",false,9.03,39.45,90.59,-3.62,-28.62,-15.98,-36.32,48.12,44.75,482.74
"Viet Nam","VNM",false,"2022-05","Gas",false,2.55,11.14,25.58,0.85,50,3.69,8.53,12.97,12.06,130.12
"Viet Nam","VNM",false,"2022-05","Hydro",false,8.31,36.3,83.37,2.69,47.86,11.67,26.99,30.53,28.39,306.28
"Viet Nam","VNM",false,"2022-05","Other fossil",false,0,0,0,0,,0,0,0,0,0
"Viet Nam","VNM",false,"2022-05","Solar",false,2.42,10.57,24.28,-0.33,-12,-1.48,-3.31,11.73,10.91,117.68
"Viet Nam","VNM",false,"2022-05","Total generation",true,22.89,100,229.63,0.07,0.31,0,0.7,107.54,100,1078.84
"Viet Nam","VNM",false,"2022-05","Wind",false,0.58,2.53,5.82,0.48,480,2.09,4.82,4.19,3.9,42.03
"Viet Nam","VNM",false,"2022-06","Coal",false,7.67,32,76.95,-4.87,-38.84,-18.69,-48.86,55.79,42.42,559.69
"Viet Nam","VNM",false,"2022-06","Gas",false,2.25,9.39,22.57,-1.16,-34.02,-4.39,-11.64,15.22,11.57,152.69
"Viet Nam","VNM",false,"2022-06","Hydro",false,11.05,46.1,110.85,4.6,71.32,20.03,46.15,41.58,31.62,417.13
"Viet Nam","VNM",false,"2022-06","Other fossil",false,0,0,0,0,,0,0,0,0,0
"Viet Nam","VNM",false,"2022-06","Solar",false,2.52,10.51,25.28,0.41,19.43,1.98,4.11,14.25,10.84,142.96
"Viet Nam","VNM",false,"2022-06","Total generation",true,23.97,100,240.47,-0.77,-3.11,0,-7.72,131.51,100,1319.31
"Viet Nam","VNM",false,"2022-06","Wind",false,0.48,2,4.82,0.25,108.7,1.07,2.51,4.67,3.55,46.85
"Viet Nam","VNM",false,"2022-07","Coal",false,8.15,33.71,81.76,-2.04,-20.02,-11.1,-20.47,63.94,41.07,641.45
"Viet Nam","VNM",false,"2022-07","Gas",false,2.17,8.97,21.77,-0.12,-5.24,-1.1,-1.2,17.39,11.17,174.46
"Viet Nam","VNM",false,"2022-07","Hydro",false,11,45.49,110.35,3.17,40.49,11.06,31.8,52.58,33.77,527.48
"Viet Nam","VNM",false,"2022-07","Other fossil",false,0,0,0,0,,0,0,0,0,0
"Viet Nam","VNM",false,"2022-07","Solar",false,2.29,9.47,22.97,0,0,-0.6,0,16.54,10.62,165.93
"Viet Nam","VNM",false,"2022-07","Total generation",true,24.18,100,242.57,1.44,6.33,0,14.45,155.69,100,1561.89
"Viet Nam","VNM",false,"2022-07","Wind",false,0.57,2.36,5.72,0.43,307.14,1.74,4.31,5.24,3.37,52.57
"Viet Nam","VNM",false,"2022-08","Coal",false,7.73,32.81,77.55,-0.64,-7.65,-5.94,-6.42,71.67,39.98,719
"Viet Nam","VNM",false,"2022-08","Gas",false,2.28,9.68,22.87,0.44,23.91,1.16,4.41,19.67,10.97,197.33
"Viet Nam","VNM",false,"2022-08","Hydro",false,10.67,45.29,107.04,2.46,29.96,7.28,24.68,63.25,35.29,634.53
"Viet Nam","VNM",false,"2022-08","Other fossil",false,0,0,0,0,,0,0,0,0,0
"Viet Nam","VNM",false,"2022-08","Solar",false,2.28,9.68,22.87,-0.9,-28.3,-5.04,-9.03,18.82,10.5,188.8
"Viet Nam","VNM",false,"2022-08","Total generation",true,23.56,100,236.35,1.96,9.07,0,19.66,179.25,100,1798.24
"Viet Nam","VNM",false,"2022-08","Wind",false,0.6,2.55,6.02,0.6,,2.55,6.02,5.84,3.26,58.59
"Viet Nam","VNM",false,"2022-09","Coal",false,8.16,36.59,81.86,0.72,9.68,-3.05,7.22,79.83,39.61,800.86
"Viet Nam","VNM",false,"2022-09","Gas",false,2.44,10.94,24.48,1.31,115.93,4.92,13.14,22.11,10.97,221.81
"Viet Nam","VNM",false,"2022-09","Hydro",false,8.89,39.87,89.18,0.71,8.68,-3.71,7.12,72.14,35.79,723.71
"Viet Nam","VNM",false,"2022-09","Other fossil",false,0,0,0,0,,0,0,0,0,0
"Viet Nam","VNM",false,"2022-09","Solar",false,2.07,9.28,20.77,0.67,47.86,1.82,6.72,20.89,10.36,209.57
"Viet Nam","VNM",false,"2022-09","Total generation",true,22.3,100,223.71,3.53,18.81,0,35.41,201.55,100,2021.96
"Viet Nam","VNM",false,"2022-09","Wind",false,0.74,3.32,7.42,0.12,19.35,0.02,1.2,6.58,3.26,66.01
"Viet Nam","VNM",false,"2022-10","Coal",false,6.73,32.26,67.52,-1.38,-17.02,-6.47,-13.84,86.56,38.92,868.37
"Viet Nam","VNM",false,"2022-10","Gas",false,1.76,8.44,17.66,0.24,15.79,1.18,2.41,23.87,10.73,239.46
"Viet Nam","VNM",false,"2022-10","Hydro",false,10.28,49.28,103.13,1.47,16.69,7.21,14.75,82.42,37.06,826.84
"Viet Nam","VNM",false,"2022-10","Other fossil",false,0,0,0,0,,0,0,0,0,0
"Viet Nam","VNM",false,"2022-10","Solar",false,1.76,8.44,17.66,-0.53,-23.14,-2.5,-5.32,22.65,10.18,227.23
"Viet Nam","VNM",false,"2022-10","Total generation",true,20.86,100,209.27,-0.08,-0.38,0,-0.8,222.41,100,2231.22
"Viet Nam","VNM",false,"2022-10","Wind",false,0.33,1.58,3.31,0.12,57.14,0.58,1.2,6.91,3.11,69.32
"Viet Nam","VNM",false,"2022-11","Coal",false,9.66,36.45,96.91,2.12,28.12,-1.42,21.27,96.22,38.66,965.28
"Viet Nam","VNM",false,"2022-11","Gas",false,3.11,11.74,31.2,1.19,61.98,2.1,11.94,26.98,10.84,270.66
"Viet Nam","VNM",false,"2022-11","Hydro",false,9.87,37.25,99.02,1.32,15.44,-5.69,13.24,92.29,37.08,925.86
"Viet Nam","VNM",false,"2022-11","Other fossil",false,0,0,0,0,,0,0,0,0,0
"Viet Nam","VNM",false,"2022-11","Solar",false,2.88,10.87,28.89,1.19,70.41,2.38,11.94,25.53,10.26,256.12
"Viet Nam","VNM",false,"2022-11","Total generation",true,26.5,100,265.85,6.59,33.1,0,66.11,248.91,100,2497.07
"Viet Nam","VNM",false,"2022-11","Wind",false,0.98,3.7,9.83,0.77,366.67,2.65,7.72,7.89,3.17,79.15
"Viet Nam","VNM",false,"2022-12","Coal",false,8.2,34.64,82.26,-1.18,-12.58,-7.22,-11.84,104.42,38.31,1047.54
"Viet Nam","VNM",false,"2022-12","Gas",false,2.43,10.27,24.38,-0.98,-28.74,-4.95,-9.83,29.41,10.79,295.04
"Viet Nam","VNM",false,"2022-12","Hydro",false,10.07,42.54,101.02,3.36,50.07,12.6,33.71,102.36,37.55,1026.88
"Viet Nam","VNM",false,"2022-12","Other fossil",false,0,0,0,0,,0,0,0,0,0
"Viet Nam","VNM",false,"2022-12","Solar",false,2.32,9.8,23.27,-0.57,-19.72,-3.1,-5.72,27.85,10.22,279.39
"Viet Nam","VNM",false,"2022-12","Total generation",true,23.67,100,237.46,1.26,5.62,0,12.64,272.58,100,2734.53
"Viet Nam","VNM",false,"2022-12","Wind",false,0.65,2.75,6.52,0.63,3150,2.66,6.32,8.54,3.13,85.67
"Viet Nam","VNM",false,"2023-01","Coal",false,7.58,42.09,75.53,-2.11,-21.78,-4.81,-21.03,7.58,42.09,75.53
"Viet Nam","VNM",false,"2023-01","Gas",false,1.88,10.44,18.73,-0.78,-29.32,-2.44,-7.77,1.88,10.44,18.73
"Viet Nam","VNM",false,"2023-01","Hydro",false,5.5,30.54,54.81,0.86,18.53,8.08,8.57,5.5,30.54,54.81
"Viet Nam","VNM",false,"2023-01","Other fossil",false,0.14,0.78,1.4,0.14,,0.78,1.4,0.14,0.78,1.4
"Viet Nam","VNM",false,"2023-01","Solar",false,1.7,9.44,16.94,-0.63,-27.04,-1.84,-6.28,1.7,9.44,16.94
"Viet Nam","VNM",false,"2023-01","Total generation",true,18.01,100,179.47,-2.65,-12.83,0,-26.41,18.01,100,179.47
"Viet Nam","VNM",false,"2023-01","Wind",false,1.21,6.72,12.06,-0.13,-9.7,0.23,-1.3,1.21,6.72,12.06
"Viet Nam","VNM",false,"2023-02","Coal",false,8.89,44.99,88.59,1.31,17.28,3.75,13.05,16.47,43.61,164.12
"Viet Nam","VNM",false,"2023-02","Gas",false,2.44,12.35,24.31,0.72,41.86,2.99,7.17,4.32,11.44,43.05
"Viet Nam","VNM",false,"2023-02","Hydro",false,5.07,25.66,50.52,-1.14,-18.36,-8.13,-11.36,10.57,27.99,105.33
"Viet Nam","VNM",false,"2023-02","Other fossil",false,0,0,0,0,,0,0,0.14,0.37,1.4
"Viet Nam","VNM",false,"2023-02","Solar",false,2.17,10.98,21.62,0.17,8.5,0.1,1.69,3.87,10.25,38.56
"Viet Nam","VNM",false,"2023-02","Total generation",true,19.76,100,196.91,1.38,7.51,0,13.75,37.77,100,376.38
"Viet Nam","VNM",false,"2023-02","Wind",false,1.19,6.02,11.86,0.32,36.78,1.29,3.19,2.4,6.35,23.92
"Viet Nam","VNM",false,"2023-03","Coal",false,11.56,50.61,115.19,0.46,4.14,2.72,4.58,28.03,46.25,279.32
"Viet Nam","VNM",false,"2023-03","Gas",false,2.82,12.35,28.1,-0.36,-11.32,-1.37,-3.59,7.14,11.78,71.15
"Viet Nam","VNM",false,"2023-03","Hydro",false,4.81,21.06,47.93,-0.82,-14.56,-3.23,-8.17,15.38,25.38,153.26
"Viet Nam","VNM",false,"2023-03","Other fossil",false,0,0,0,0,,0,0,0.14,0.23,1.4
"Viet Nam","VNM",false,"2023-03","Solar",false,2.58,11.3,25.71,0.05,1.98,0.39,0.5,6.45,10.64,64.27
"Viet Nam","VNM",false,"2023-03","Total generation",true,22.84,100,227.6,-0.34,-1.47,0,-3.39,60.61,100,603.97
"Viet Nam","VNM",false,"2023-03","Wind",false,1.07,4.68,10.66,0.33,44.59,1.49,3.29,3.47,5.73,34.58
"Viet Nam","VNM",false,"2023-04","Coal",false,11.89,51.74,118.48,1.17,10.91,3.95,11.66,39.92,47.76,397.8
"Viet Nam","VNM",false,"2023-04","Gas",false,2.85,12.4,28.4,-0.01,-0.35,-0.35,-0.1,9.99,11.95,99.55
"Viet Nam","VNM",false,"2023-04","Hydro",false,5.25,22.85,52.32,-0.49,-8.54,-2.74,-4.88,20.63,24.68,205.58
"Viet Nam","VNM",false,"2023-04","Other fossil",false,0,0,0,0,,0,0,0.14,0.17,1.4
"Viet Nam","VNM",false,"2023-04","Solar",false,2.45,10.66,24.41,0,0,-0.26,0,8.9,10.65,88.69
"Viet Nam","VNM",false,"2023-04","Total generation",true,22.98,100,228.99,0.55,2.45,0,5.48,83.59,100,832.97
"Viet Nam","VNM",false,"2023-04","Wind",false,0.54,2.35,5.38,-0.12,-18.18,-0.59,-1.2,4.01,4.8,39.96
"Viet Nam","VNM",false,"2023-05","Coal",false,14.24,58.19,141.9,5.21,57.7,18.74,51.92,54.16,50.12,539.7
"Viet Nam","VNM",false,"2023-05","Gas",false,1.88,7.68,18.73,-0.67,-26.27,-3.46,-6.68,11.87,10.98,118.28
"Viet Nam","VNM",false,"2023-05","Hydro",false,5,20.43,49.82,-3.31,-39.83,-15.87,-32.98,25.63,23.72,255.4
"Viet Nam","VNM",false,"2023-05","Other fossil",false,0.55,2.25,5.48,0.55,,2.25,5.48,0.69,0.64,6.88
"Viet Nam","VNM",false,"2023-05","Solar",false,2.16,8.83,21.52,-0.26,-10.74,-1.74,-2.59,11.06,10.24,110.21
"Viet Nam","VNM",false,"2023-05","Total generation",true,24.47,100,243.84,1.58,6.9,0,15.74,108.06,100,1076.81
"Viet Nam","VNM",false,"2023-05","Wind",false,0.64,2.62,6.38,0.06,10.34,0.09,0.6,4.65,4.3,46.34
"Viet Nam","VNM",false,"2023-06","Coal",false,12.6,52.24,125.56,4.93,64.28,20.24,49.13,66.76,50.51,665.26
"Viet Nam","VNM",false,"2023-06","Gas",false,3.56,14.76,35.48,1.31,58.22,5.37,13.05,15.43,11.67,153.76
"Viet Nam","VNM",false,"2023-06","Hydro",false,4.2,17.41,41.85,-6.85,-61.99,-28.69,-68.26,29.83,22.57,297.25
"Viet Nam","VNM",false,"2023-06","Other fossil",false,0.5,2.07,4.98,0.5,,2.07,4.98,1.19,0.9,11.86
"Viet Nam","VNM",false,"2023-06","Solar",false,2.62,10.86,26.11,0.1,3.97,0.35,1,13.68,10.35,136.32
"Viet Nam","VNM",false,"2023-06","Total generation",true,24.12,100,240.35,0.15,0.63,0,1.49,132.18,100,1317.16
"Viet Nam","VNM",false,"2023-06","Wind",false,0.64,2.65,6.38,0.16,33.33,0.65,1.59,5.29,4,52.71
"Viet Nam","VNM",false,"2023-07","Coal",false,13.19,52.03,131.44,5.04,61.84,18.32,50.22,79.95,50.75,796.7
"Viet Nam","VNM",false,"2023-07","Gas",false,2.58,10.18,25.71,0.41,18.89,1.21,4.09,18.01,11.43,179.47
"Viet Nam","VNM",false,"2023-07","Hydro",false,6.97,27.5,69.46,-4.03,-36.64,-17.99,-40.16,36.8,23.36,366.71
"Viet Nam","VNM",false,"2023-07","Other fossil",false,0.04,0.16,0.4,0.04,,0.16,0.4,1.23,0.78,12.26
"Viet Nam","VNM",false,"2023-07","Solar",false,1.8,7.1,17.94,-0.49,-21.4,-2.37,-4.88,15.48,9.83,154.26
"Viet Nam","VNM",false,"2023-07","Total generation",true,25.35,100,252.61,1.17,4.84,0,11.66,157.53,100,1569.77
"Viet Nam","VNM",false,"2023-07","Wind",false,0.77,3.04,7.67,0.2,35.09,0.68,1.99,6.06,3.85,60.39
"Viet Nam","VNM",false,"2023-08","Coal",false,8.13,32.26,81.01,0.4,5.17,-0.55,3.99,88.08,48.2,877.71
"Viet Nam","VNM",false,"2023-08","Gas",false,1.25,4.96,12.46,-1.03,-45.18,-4.72,-10.26,19.26,10.54,191.92
"Viet Nam","VNM",false,"2023-08","Hydro",false,11.65,46.23,116.09,0.98,9.18,0.94,9.77,48.45,26.51,482.8
"Viet Nam","VNM",false,"2023-08","Other fossil",false,0,0,0,0,,0,0,1.23,0.67,12.26
"Viet Nam","VNM",false,"2023-08","Solar",false,2.85,11.31,28.4,0.57,25,1.63,5.68,18.33,10.03,182.66
"Viet Nam","VNM",false,"2023-08","Total generation",true,25.2,100,251.12,1.64,6.96,0,16.34,182.73,100,1820.89
"Viet Nam","VNM",false,"2023-08","Wind",false,1.32,5.24,13.15,0.72,120,2.69,7.17,7.38,4.04,73.54
"Viet Nam","VNM",false,"2023-09","Coal",false,9.12,39.6,90.88,0.96,11.76,3.01,9.57,97.2,47.24,968.59
"Viet Nam","VNM",false,"2023-09","Gas",false,1.56,6.77,15.55,-0.88,-36.07,-4.17,-8.77,20.82,10.12,207.47
"Viet Nam","VNM",false,"2023-09","Hydro",false,9.6,41.68,95.66,0.71,7.99,1.81,7.08,58.05,28.21,578.46
"Viet Nam","VNM",false,"2023-09","Other fossil",false,0,0,0,0,,0,0,1.23,0.6,12.26
"Viet Nam","VNM",false,"2023-09","Solar",false,2.12,9.21,21.13,0.05,2.42,-0.07,0.5,20.45,9.94,203.78
"Viet Nam","VNM",false,"2023-09","Total generation",true,23.03,100,229.49,0.73,3.27,0,7.27,205.76,100,2050.38
"Viet Nam","VNM",false,"2023-09","Wind",false,0.63,2.74,6.28,-0.11,-14.86,-0.58,-1.1,8.01,3.89,79.82
"Viet Nam","VNM",false,"2023-10","Coal",false,10.54,44.44,105.03,3.81,56.61,12.18,37.97,107.74,46.95,1073.62
"Viet Nam","VNM",false,"2023-10","Gas",false,2.08,8.77,20.73,0.32,18.18,0.33,3.19,22.9,9.98,228.2
"Viet Nam","VNM",false,"2023-10","Hydro",false,8.69,36.64,86.6,-1.59,-15.47,-12.64,-15.84,66.74,29.08,665.06
"Viet Nam","VNM",false,"2023-10","Other fossil",false,0,0,0,0,,0,0,1.23,0.54,12.26
"Viet Nam","VNM",false,"2023-10","Solar",false,1.9,8.01,18.93,0.14,7.95,-0.43,1.4,22.35,9.74,222.72
"Viet Nam","VNM",false,"2023-10","Total generation",true,23.72,100,236.37,2.86,13.71,0,28.5,229.48,100,2286.75
"Viet Nam","VNM",false,"2023-10","Wind",false,0.51,2.15,5.08,0.18,54.55,0.57,1.79,8.52,3.71,84.9
"Viet Nam","VNM",false,"2023-11","Coal",false,9.93,43.67,98.95,0.27,2.8,7.22,2.69,117.67,46.65,1172.57
"Viet Nam","VNM",false,"2023-11","Gas",false,1.9,8.36,18.93,-1.21,-38.91,-3.38,-12.06,24.8,9.83,247.13
"Viet Nam","VNM",false,"2023-11","Hydro",false,7.83,34.43,78.03,-2.04,-20.67,-2.82,-20.33,74.57,29.57,743.08
"Viet Nam","VNM",false,"2023-11","Other fossil",false,0.01,0.04,0.1,0.01,,0.04,0.1,1.24,0.49,12.36
"Viet Nam","VNM",false,"2023-11","Solar",false,1.75,7.7,17.44,-1.13,-39.24,-3.17,-11.26,24.1,9.56,240.15
"Viet Nam","VNM",false,"2023-11","Total generation",true,22.74,100,226.6,-3.76,-14.19,0,-37.47,252.22,100,2513.35
"Viet Nam","VNM",false,"2023-11","Wind",false,1.32,5.8,13.15,0.34,34.69,2.1,3.39,9.84,3.9,98.05
"Viet Nam","VNM",false,"2023-12","Coal",false,10.28,39.31,102.44,2.08,25.37,4.67,20.73,127.95,45.96,1275.01
"Viet Nam","VNM",false,"2023-12","Gas",false,3.36,12.85,33.48,0.93,38.27,2.58,9.27,28.16,10.12,280.61
"Viet Nam","VNM",false,"2023-12","Hydro",false,8.62,32.96,85.9,-1.45,-14.4,-9.58,-14.45,83.19,29.88,828.98
"Viet Nam","VNM",false,"2023-12","Other fossil",false,0.37,1.41,3.69,0.37,,1.41,3.69,1.61,0.58,16.04
"Viet Nam","VNM",false,"2023-12","Solar",false,2.84,10.86,28.3,0.52,22.41,1.06,5.18,26.94,9.68,268.46
"Viet Nam","VNM",false,"2023-12","Total generation",true,26.15,100,260.58,2.48,10.48,0,24.71,278.37,100,2773.94
"Viet Nam","VNM",false,"2023-12","Wind",false,0.68,2.6,6.78,0.03,4.62,-0.15,0.3,10.52,3.78,104.83
"Viet Nam","VNM",false,"2024-01","Coal",false,12.75,54.6,126.25,5.17,68.21,12.51,51.19,12.75,54.6,126.25
"Viet Nam","VNM",false,"2024-01","Gas",false,1.85,7.92,18.32,-0.03,-1.6,-2.52,-0.3,1.85,7.92,18.32
"Viet Nam","VNM",false,"2024-01","Hydro",false,4.79,20.51,47.43,-0.71,-12.91,-10.03,-7.03,4.79,20.51,47.43
"Viet Nam","VNM",false,"2024-01","Other fossil",false,0,0,0,-0.14,-100,-0.78,-1.39,0,0,0
"Viet Nam","VNM",false,"2024-01","Solar",false,2.12,9.08,20.99,0.42,24.71,-0.36,4.16,2.12,9.08,20.99
"Viet Nam","VNM",false,"2024-01","Total generation",true,23.35,100,231.22,5.34,29.65,0,52.88,23.35,100,231.22
"Viet Nam","VNM",false,"2024-01","Wind",false,1.84,7.88,18.22,0.63,52.07,1.16,6.24,1.84,7.88,18.22
"Viet Nam","VNM",false,"2024-02","Coal",false,14.48,63.37,143.38,5.59,62.88,18.38,55.35,27.23,58.94,269.64
"Viet Nam","VNM",false,"2024-02","Gas",false,2.54,11.12,25.15,0.1,4.1,-1.23,0.99,4.39,9.5,43.47
"Viet Nam","VNM",false,"2024-02","Hydro",false,2.56,11.2,25.35,-2.51,-49.51,-14.46,-24.85,7.35,15.91,72.78
"Viet Nam","VNM",false,"2024-02","Other fossil",false,0,0,0,0,,0,0,0,0,0
"Viet Nam","VNM",false,"2024-02","Solar",false,2.45,10.72,24.26,0.28,12.9,-0.26,2.77,4.57,9.89,45.25
"Viet Nam","VNM",false,"2024-02","Total generation",true,22.85,100,226.26,3.09,15.64,0,30.6,46.2,100,457.48
"Viet Nam","VNM",false,"2024-02","Wind",false,0.82,3.59,8.12,-0.37,-31.09,-2.43,-3.66,2.66,5.76,26.34
"Viet Nam","VNM",false,"2024-03","Coal",false,12.76,59.32,126.35,1.2,10.38,8.71,11.88,39.99,59.06,395.99
"Viet Nam","VNM",false,"2024-03","Gas",false,1.67,7.76,16.54,-1.15,-40.78,-4.59,-11.39,6.06,8.95,60.01
"Viet Nam","VNM",false,"2024-03","Hydro",false,3.27,15.2,32.38,-1.54,-32.02,-5.86,-15.25,10.62,15.68,105.16
"Viet Nam","VNM",false,"2024-03","Other fossil",false,0,0,0,0,,0,0,0,0,0
"Viet Nam","VNM",false,"2024-03","Solar",false,2.04,9.48,20.2,-0.54,-20.93,-1.82,-5.35,6.61,9.76,65.45
"Viet Nam","VNM",false,"2024-03","Total generation",true,21.51,100,213,-1.33,-5.82,0,-13.17,67.71,100,670.48
"Viet Nam","VNM",false,"2024-03","Wind",false,1.77,8.23,17.53,0.7,65.42,3.55,6.93,4.43,6.54,43.87
"Viet Nam","VNM",false,"2024-04","Coal",false,16.9,64.63,167.35,5.01,42.14,12.89,49.61,56.89,60.61,563.33
"Viet Nam","VNM",false,"2024-04","Gas",false,2.46,9.41,24.36,-0.39,-13.68,-2.99,-3.86,8.52,9.08,84.37
"Viet Nam","VNM",false,"2024-04","Hydro",false,3.79,14.49,37.53,-1.46,-27.81,-8.36,-14.46,14.41,15.35,142.69
"Viet Nam","VNM",false,"2024-04","Other fossil",false,0,0,0,0,,0,0,0,0,0
"Viet Nam","VNM",false,"2024-04","Solar",false,2.65,10.13,26.24,0.2,8.16,-0.53,1.98,9.26,9.87,91.69
"Viet Nam","VNM",false,"2024-04","Total generation",true,26.15,100,258.94,3.17,13.79,0,31.39,93.86,100,929.42
"Viet Nam","VNM",false,"2024-04","Wind",false,0.35,1.34,3.47,-0.19,-35.19,-1.01,-1.88,4.78,5.09,47.33
"Viet Nam","VNM",false,"2024-05","Coal",false,17.08,62.38,169.13,2.84,19.94,4.19,28.12,73.97,61.01,732.46
"Viet Nam","VNM",false,"2024-05","Gas",false,2.65,9.68,26.24,0.77,40.96,2,7.62,11.17,9.21,110.61
"Viet Nam","VNM",false,"2024-05","Hydro",false,4.67,17.06,46.24,-0.33,-6.6,-3.37,-3.27,19.08,15.74,188.93
"Viet Nam","VNM",false,"2024-05","Other fossil",false,0,0,0,-0.55,-100,-2.25,-5.45,0,0,0
"Viet Nam","VNM",false,"2024-05","Solar",false,2.38,8.69,23.57,0.22,10.19,-0.14,2.18,11.64,9.6,115.26
"Viet Nam","VNM",false,"2024-05","Total generation",true,27.38,100,271.12,2.91,11.89,0,28.82,121.24,100,1200.54
"Viet Nam","VNM",false,"2024-05","Wind",false,0.6,2.19,5.94,-0.04,-6.25,-0.43,-0.4,5.38,4.44,53.27
"Viet Nam","VNM",false,"2024-06","Coal",false,12.37,45.97,122.49,-0.23,-1.83,-6.27,-2.28,86.34,58.28,854.95
"Viet Nam","VNM",false,"2024-06","Gas",false,1.95,7.25,19.31,-1.61,-45.22,-7.51,-15.94,13.12,8.86,129.92
"Viet Nam","VNM",false,"2024-06","Hydro",false,9.55,35.49,94.57,5.35,127.38,18.08,52.98,28.63,19.33,283.5
"Viet Nam","VNM",false,"2024-06","Other fossil",false,0,0,0,-0.5,-100,-2.07,-4.95,0,0,0
"Viet Nam","VNM",false,"2024-06","Solar",false,2.27,8.44,22.48,-0.35,-13.36,-2.42,-3.47,13.91,9.39,137.74
"Viet Nam","VNM",false,"2024-06","Total generation",true,26.91,100,266.47,2.79,11.57,0,27.63,148.15,100,1467.01
"Viet Nam","VNM",false,"2024-06","Wind",false,0.77,2.86,7.62,0.13,20.31,0.21,1.29,6.15,4.15,60.9
"Viet Nam","VNM",false,"2024-07","Coal",false,10.06,37.12,99.62,-3.13,-23.73,-14.91,-30.99,96.4,55.01,954.57
"Viet Nam","VNM",false,"2024-07","Gas",false,1.53,5.65,15.15,-1.05,-40.7,-4.53,-10.4,14.65,8.36,145.07
"Viet Nam","VNM",false,"2024-07","Hydro",false,12.27,45.28,121.5,5.3,76.04,17.78,52.48,40.9,23.34,405
"Viet Nam","VNM",false,"2024-07","Other fossil",false,0,0,0,-0.04,-100,-0.16,-0.4,0,0,0
"Viet Nam","VNM",false,"2024-07","Solar",false,2.09,7.71,20.7,0.29,16.11,0.61,2.87,16,9.13,158.43
"Viet Nam","VNM",false,"2024-07","Total generation",true,27.1,100,268.35,1.75,6.9,0,17.33,175.25,100,1735.35
"Viet Nam","VNM",false,"2024-07","Wind",false,1.15,4.24,11.39,0.38,49.35,1.2,3.76,7.3,4.17,72.29
"Viet Nam","VNM",false,"2024-08","Coal",false,9.17,36.16,90.8,1.04,12.79,3.9,10.3,105.57,52.62,1045.37
"Viet Nam","VNM",false,"2024-08","Gas",false,1.18,4.65,11.68,-0.07,-5.6,-0.31,-0.69,15.83,7.89,156.75
"Viet Nam","VNM",false,"2024-08","Hydro",false,12.06,47.56,119.42,0.41,3.52,1.33,4.06,52.96,26.4,524.42
"Viet Nam","VNM",false,"2024-08","Other fossil",false,0,0,0,0,,0,0,0,0,0
"Viet Nam","VNM",false,"2024-08","Solar",false,2.18,8.6,21.59,-0.67,-23.51,-2.71,-6.63,18.18,9.06,180.02
"Viet Nam","VNM",false,"2024-08","Total generation",true,25.36,100,251.12,0.16,0.63,0,1.58,200.61,100,1986.47
"Viet Nam","VNM",false,"2024-08","Wind",false,0.77,3.04,7.62,-0.55,-41.67,-2.2,-5.45,8.07,4.02,79.91
"Viet Nam","VNM",false,"2024-09","Coal",false,9.7,36.37,96.05,0.58,6.36,-3.23,5.74,115.27,50.72,1141.42
"Viet Nam","VNM",false,"2024-09","Gas",false,1.36,5.1,13.47,-0.2,-12.82,-1.67,-1.98,17.19,7.56,170.22
"Viet Nam","VNM",false,"2024-09","Hydro",false,12.61,47.28,124.87,3.01,31.35,5.6,29.81,65.57,28.85,649.29
"Viet Nam","VNM",false,"2024-09","Other fossil",false,0,0,0,0,,0,0,0,0,0
"Viet Nam","VNM",false,"2024-09","Solar",false,2.22,8.32,21.98,0.1,4.72,-0.89,0.99,20.4,8.98,202
"Viet Nam","VNM",false,"2024-09","Total generation",true,26.67,100,264.09,3.64,15.81,0,36.04,227.28,100,2250.56
"Viet Nam","VNM",false,"2024-09","Wind",false,0.78,2.92,7.72,0.15,23.81,0.18,1.49,8.85,3.89,87.63
"Viet Nam","VNM",false,"2024-10","Coal",false,10.72,42.07,106.15,0.18,1.71,-2.37,1.78,125.99,49.85,1247.57
"Viet Nam","VNM",false,"2024-10","Gas",false,1.27,4.98,12.58,-0.81,-38.94,-3.79,-8.02,18.46,7.3,182.79
"Viet Nam","VNM",false,"2024-10","Hydro",false,10.74,42.15,106.35,2.05,23.59,5.51,20.3,76.31,30.19,755.63
"Viet Nam","VNM",false,"2024-10","Other fossil",false,0,0,0,0,,0,0,0,0,0
"Viet Nam","VNM",false,"2024-10","Solar",false,2.04,8.01,20.2,0.14,7.37,0,1.39,22.44,8.88,222.2
"Viet Nam","VNM",false,"2024-10","Total generation",true,25.48,100,252.31,1.76,7.42,0,17.43,252.76,100,2502.87
"Viet Nam","VNM",false,"2024-10","Wind",false,0.71,2.79,7.03,0.2,39.22,0.64,1.98,9.56,3.78,94.66
"Viet Nam","VNM",false,"2024-11","Coal",false,11.19,39.14,110.81,1.26,12.69,-4.53,12.48,137.18,48.76,1358.38
"Viet Nam","VNM",false,"2024-11","Gas",false,3.1,10.84,30.7,1.2,63.16,2.48,11.88,21.56,7.66,213.49
"Viet Nam","VNM",false,"2024-11","Hydro",false,10.53,36.83,104.27,2.7,34.48,2.4,26.74,86.84,30.87,859.9
"Viet Nam","VNM",false,"2024-11","Other fossil",false,0,0,0,-0.01,-100,-0.04,-0.1,0,0,0
"Viet Nam","VNM",false,"2024-11","Solar",false,2.55,8.92,25.25,0.8,45.71,1.22,7.92,24.99,8.88,247.46
"Viet Nam","VNM",false,"2024-11","Total generation",true,28.59,100,283.1,5.85,25.73,0,57.93,281.35,100,2785.97
"Viet Nam","VNM",false,"2024-11","Wind",false,1.22,4.27,12.08,-0.1,-7.58,-1.53,-0.99,10.78,3.83,106.75
"Viet Nam","VNM",false,"2024-12","Coal",false,10.54,39.17,104.37,0.26,2.53,-0.14,2.57,147.72,47.92,1462.75
"Viet Nam","VNM",false,"2024-12","Gas",false,1.91,7.1,18.91,-1.45,-43.15,-5.75,-14.36,23.47,7.61,232.4
"Viet Nam","VNM",false,"2024-12","Hydro",false,11.29,41.95,111.8,2.67,30.97,8.99,26.44,98.13,31.83,971.7
"Viet Nam","VNM",false,"2024-12","Other fossil",false,0,0,0,-0.37,-100,-1.41,-3.66,0,0,0
"Viet Nam","VNM",false,"2024-12","Solar",false,2.27,8.44,22.48,-0.57,-20.07,-2.42,-5.64,27.26,8.84,269.93
"Viet Nam","VNM",false,"2024-12","Total generation",true,26.91,100,266.47,0.76,2.91,0,7.53,308.26,100,3052.44
"Viet Nam","VNM",false,"2024-12","Wind",false,0.9,3.34,8.91,0.22,32.35,0.74,2.18,11.68,3.79,115.66
"Viet Nam","VNM",false,"2025-01","Coal",false,12.93,57.36,127.27,0.18,1.41,2.76,1.77,12.93,57.36,127.27
"Viet Nam","VNM",false,"2025-01","Gas",false,1.51,6.7,14.86,-0.34,-18.38,-1.22,-3.35,1.51,6.7,14.86
"Viet Nam","VNM",false,"2025-01","Hydro",false,3.8,16.86,37.4,-0.99,-20.67,-3.65,-9.74,3.8,16.86,37.4
"Viet Nam","VNM",false,"2025-01","Other fossil",false,0,0,0,0,,0,0,0,0,0
"Viet Nam","VNM",false,"2025-01","Solar",false,2.54,11.27,25,0.42,19.81,2.19,4.13,2.54,11.27,25
"Viet Nam","VNM",false,"2025-01","Total generation",true,22.54,100,221.85,-0.81,-3.47,0,-7.97,22.54,100,221.85
"Viet Nam","VNM",false,"2025-01","Wind",false,1.76,7.81,17.32,-0.08,-4.35,-0.07,-0.79,1.76,7.81,17.32
"Viet Nam","VNM",false,"2025-02","Coal",false,11.89,55.61,117.03,-2.59,-17.89,-7.76,-25.49,24.82,56.51,244.29
"Viet Nam","VNM",false,"2025-02","Gas",false,1.19,5.57,11.71,-1.35,-53.15,-5.55,-13.29,2.7,6.15,26.58
"Viet Nam","VNM",false,"2025-02","Hydro",false,5.49,25.68,54.04,2.93,114.45,14.48,28.84,9.29,21.15,91.44
"Viet Nam","VNM",false,"2025-02","Other fossil",false,0,0,0,0,,0,0,0,0,0
"Viet Nam","VNM",false,"2025-02","Solar",false,1.53,7.16,15.06,-0.92,-37.55,-3.56,-9.06,4.07,9.27,40.06
"Viet Nam","VNM",false,"2025-02","Total generation",true,21.38,100,210.44,-1.47,-6.43,0,-14.47,43.92,100,432.29
"Viet Nam","VNM",false,"2025-02","Wind",false,1.28,5.99,12.6,0.46,56.1,2.4,4.53,3.04,6.92,29.92
"Viet Nam","VNM",false,"2025-03","Coal",false,15.98,60.48,157.29,3.22,25.24,1.16,31.69,40.8,58,401.58
"Viet Nam","VNM",false,"2025-03","Gas",false,1.9,7.19,18.7,0.23,13.77,-0.57,2.26,4.6,6.54,45.28
"Viet Nam","VNM",false,"2025-03","Hydro",false,4.51,17.07,44.39,1.24,37.92,1.87,12.2,13.8,19.62,135.83
"Viet Nam","VNM",false,"2025-03","Other fossil",false,0,0,0,0,,0,0,0,0,0
"Viet Nam","VNM",false,"2025-03","Solar",false,2.62,9.92,25.79,0.58,28.43,0.44,5.71,6.69,9.51,65.85
"Viet Nam","VNM",false,"2025-03","Total generation",true,26.42,100,260.04,4.91,22.83,0,48.33,70.34,100,692.33
"Viet Nam","VNM",false,"2025-03","Wind",false,1.41,5.34,13.88,-0.36,-20.34,-2.89,-3.54,4.45,6.33,43.8
"Viet Nam","VNM",false,"2025-04","Coal",false,15.8,59.98,155.51,-1.1,-6.51,-4.65,-10.83,56.6,58.54,557.09
"Viet Nam","VNM",false,"2025-04","Gas",false,2.3,8.73,22.64,-0.16,-6.5,-0.68,-1.57,6.9,7.14,67.91
"Viet Nam","VNM",false,"2025-04","Hydro",false,4.7,17.84,46.26,0.91,24.01,3.35,8.96,18.5,19.14,182.09
"Viet Nam","VNM",false,"2025-04","Other fossil",false,0,0,0,0,,0,0,0,0,0
"Viet Nam","VNM",false,"2025-04","Solar",false,2.62,9.95,25.79,-0.03,-1.13,-0.18,-0.3,9.31,9.63,91.63
"Viet Nam","VNM",false,"2025-04","Total generation",true,26.34,100,259.25,0.19,0.73,0,1.87,96.68,100,951.58
"Viet Nam","VNM",false,"2025-04","Wind",false,0.92,3.49,9.06,0.57,162.86,2.15,5.61,5.37,5.55,52.85
"Viet Nam","VNM",false,"2025-05","Coal",false,15.8,56.96,155.51,-1.28,-7.49,-5.42,-12.6,72.4,58.19,712.61
"Viet Nam","VNM",false,"2025-05","Gas",false,1.8,6.49,17.72,-0.85,-32.08,-3.19,-8.37,8.7,6.99,85.63
"Viet Nam","VNM",false,"2025-05","Hydro",false,7.2,25.96,70.87,2.53,54.18,8.9,24.9,25.7,20.66,252.96
"Viet Nam","VNM",false,"2025-05","Other fossil",false,0,0,0,0,,0,0,0,0,0
"Viet Nam","VNM",false,"2025-05","Solar",false,2.46,8.87,24.21,0.08,3.36,0.18,0.79,11.77,9.46,115.85
"Viet Nam","VNM",false,"2025-05","Total generation",true,27.74,100,273.03,0.36,1.31,0,3.54,124.42,100,1224.62
"Viet Nam","VNM",false,"2025-05","Wind",false,0.48,1.73,4.72,-0.12,-20,-0.46,-1.18,5.85,4.7,57.58
"Viet Nam","VNM",false,"2025-06","Coal",false,12.2,44.71,120.08,-0.17,-1.37,-1.26,-1.67,84.6,55.76,832.69
"Viet Nam","VNM",false,"2025-06","Gas",false,1.57,5.75,15.45,-0.38,-19.49,-1.5,-3.74,10.27,6.77,101.08
"Viet Nam","VNM",false,"2025-06","Hydro",false,10.8,39.57,106.3,1.25,13.09,4.08,12.3,36.5,24.06,359.26
"Viet Nam","VNM",false,"2025-06","Other fossil",false,0,0,0,0,,0,0,0,0,0
"Viet Nam","VNM",false,"2025-06","Solar",false,1.86,6.82,18.31,-0.41,-18.06,-1.62,-4.04,13.63,8.98,134.15
"Viet Nam","VNM",false,"2025-06","Total generation",true,27.29,100,268.61,0.38,1.41,0,3.74,151.71,100,1493.22
"Viet Nam","VNM",false,"2025-06","Wind",false,0.86,3.15,8.46,0.09,11.69,0.29,0.89,6.71,4.42,66.04
"Viet Nam","VNM",false,"2025-07","Coal",false,9.45,34.81,93.01,-0.61,-6.06,-2.31,-6,94.05,52.58,925.7
"Viet Nam","VNM",false,"2025-07","Gas",false,1.46,5.38,14.37,-0.07,-4.58,-0.27,-0.69,11.73,6.56,115.45
"Viet Nam","VNM",false,"2025-07","Hydro",false,13.35,49.17,131.4,1.08,8.8,3.89,10.63,49.85,27.87,490.65
"Viet Nam","VNM",false,"2025-07","Other fossil",false,0,0,0,0,,0,0,0,0,0
"Viet Nam","VNM",false,"2025-07","Solar",false,1.55,5.71,15.26,-0.54,-25.84,-2,-5.32,15.18,8.49,149.41
"Viet Nam","VNM",false,"2025-07","Total generation",true,27.15,100,267.23,0.05,0.18,0,0.49,178.86,100,1760.45
"Viet Nam","VNM",false,"2025-07","Wind",false,1.34,4.94,13.19,0.19,16.52,0.7,1.87,8.05,4.5,79.23
"Viet Nam","VNM",false,"2025-08","Coal",false,11.66,39.86,114.76,2.49,27.15,3.7,24.51,105.71,50.8,1040.46
"Viet Nam","VNM",false,"2025-08","Gas",false,1.64,5.61,16.14,0.46,38.98,0.96,4.53,13.37,6.42,131.6
"Viet Nam","VNM",false,"2025-08","Hydro",false,12.6,43.08,124.02,0.54,4.48,-4.48,5.32,62.45,30.01,614.67
"Viet Nam","VNM",false,"2025-08","Other fossil",false,0,0,0,0,,0,0,0,0,0
"Viet Nam","VNM",false,"2025-08","Solar",false,2.26,7.73,22.24,0.08,3.67,-0.87,0.79,17.44,8.38,171.66
"Viet Nam","VNM",false,"2025-08","Total generation",true,29.25,100,287.9,3.89,15.34,0,38.29,208.11,100,2048.35
"Viet Nam","VNM",false,"2025-08","Wind",false,1.09,3.73,10.73,0.32,41.56,0.69,3.15,9.14,4.39,89.96
"Viet Nam","VNM",false,"2025-09","Coal",false,9.17,35.6,90.26,-0.53,-5.46,-0.77,-5.22,114.88,49.12,1130.72
"Viet Nam","VNM",false,"2025-09","Gas",false,1.77,6.87,17.42,0.41,30.15,1.77,4.04,15.14,6.47,149.02
"Viet Nam","VNM",false,"2025-09","Hydro",false,11.86,46.04,116.73,-0.75,-5.95,-1.24,-7.38,74.31,31.77,731.4
"Viet Nam","VNM",false,"2025-09","Other fossil",false,0,0,0,0,,0,0,0,0,0
"Viet Nam","VNM",false,"2025-09","Solar",false,1.95,7.57,19.19,-0.27,-12.16,-0.75,-2.66,19.39,8.29,190.85
"Viet Nam","VNM",false,"2025-09","Total generation",true,25.76,100,253.55,-0.91,-3.41,0,-8.96,233.87,100,2301.89
"Viet Nam","VNM",false,"2025-09","Wind",false,1.01,3.92,9.94,0.23,29.49,1,2.26,10.15,4.34,99.9
"Viet Nam","VNM",false,"2025-10","Coal",false,9.38,35.82,92.32,-1.34,-12.5,-6.25,-13.19,124.26,47.78,1223.04
"Viet Nam","VNM",false,"2025-10","Gas",false,1.5,5.73,14.76,0.23,18.11,0.75,2.26,16.64,6.4,163.78
"Viet Nam","VNM",false,"2025-10","Hydro",false,13.27,50.67,130.61,2.53,23.56,8.52,24.9,87.58,33.68,862.02
"Viet Nam","VNM",false,"2025-10","Other fossil",false,0,0,0,0,,0,0,0,0,0
"Viet Nam","VNM",false,"2025-10","Solar",false,1.2,4.58,11.81,-0.84,-41.18,-3.43,-8.27,20.59,7.92,202.66
"Viet Nam","VNM",false,"2025-10","Total generation",true,26.19,100,257.78,0.71,2.79,0,6.99,260.06,100,2559.67
"Viet Nam","VNM",false,"2025-10","Wind",false,0.84,3.21,8.27,0.13,18.31,0.42,1.28,10.99,4.23,108.17
